run,node,phase,mix,concurrency,rate,mode,k,nprobe,start,end,seconds,scheduled,success,errors,error_pct,qps,p50_ms,p95_ms,p99_ms,schedule_p99_ms,dispatch_p99_ms,goodput_1s_qps,hit1,hit3,hit10,mrr,rss_peak_mib,cgroup_peak_mib,cpu_mean_pct,disk_busy_mean_pct,disk_read_mean_mib_s,disk_write_mean_mib_s,s3_attempts,s3_bytes,s3_canceled,s3_retries,s3_hedges,mutations,disk_cache,memory_max,binary_sha256,aborted,abort_reason,s3_attempts_per_query,s3_mib_per_query
medium-direct-s3-c1,medium,direct-s3,uniform,1,0,semantic,10,8,1788675950.619129,1788676010.741938,60.122809201,283,283,0,0.0,4.707032218901923,181.497208,464.413791,503.114925,503.115191,0.000577,4.707032218901923,0.29328621908127206,0.4381625441696113,0.5300353356890459,0.37411520556396877,977.65625,952.359375,13.069840191272855,0.21665104343031388,0.003124774512164882,0.19262935465610184,4739,17588545463,90,0,219,0,False,1536M,,False,,16.74558303886926,59.271180462921464
medium-direct-s3-c2,medium,direct-s3,uniform,2,0,semantic,10,8,1788676013.799464,1788676073.8738582,60.074394151,560,560,0,0.0,9.321775240752523,186.689218,488.978756,506.913806,506.914158,0.000575,9.321775240752523,0.26785714285714285,0.3964285714285714,0.5071428571428571,0.3457638888888889,1024.453125,999.4296875,24.806427763455993,0.1999850006247901,6.509929311004403e-05,0.18488179873473978,9334,33905358044,156,0,430,0,False,1536M,,False,,16.667857142857144,57.740480634144376
medium-direct-s3-c4,medium,direct-s3,uniform,4,0,semantic,10,8,1788676076.887641,1788676137.0854585,60.197817585,1086,1086,0,0.0,18.04052112797205,192.02717,444.595898,528.545033,528.545269,0.000556,18.04052112797205,0.26979742173112337,0.40423572744014735,0.509208103130755,0.3492790639890086,1025.07421875,997.6484375,49.786827169055144,0.16392008329537533,0.00211306204479367,0.21123930274118874,18410,66371636843,424,0,1141,0,False,1536M,,False,,16.952117863720073,58.284461689697885
medium-direct-s3-c8,medium,direct-s3,uniform,8,0,semantic,10,8,1788676140.022381,1788676200.1941268,60.171745685,1256,1256,0,0.0,20.87358419972023,344.942202,708.985849,975.399519,975.399868,0.000559,20.690774147015677,0.2762738853503185,0.4148089171974522,0.518312101910828,0.35673655343241295,1024.8125,1048.97265625,75.09302425885535,0.3999632154354648,0.0,0.31904581666288995,24145,85490866609,764,0,4226,0,False,1536M,,False,,19.223726114649683,64.91277370407323
medium-direct-s3-warmup,medium,warmup,uniform,2,0,semantic,10,8,1788675917.44898,1788675947.6015985,30.152618509,253,253,0,0.0,8.390647728471217,188.686264,495.2766,562.394624,562.39497,0.000749,8.324318497416108,0.23715415019762845,0.36363636363636365,0.5138339920948617,0.3215822824518478,1015.34765625,977.42578125,23.623172784828434,0.36663984653844417,0.0005207940344872874,0.32250236806868054,4265,16161212916,78,0,209,0,False,1536M,,False,,16.857707509881422,60.91910545439588
medium-first-touch,medium,first-touch,sequential,1,0,semantic,10,8,1788675189.428761,1788675192.5504923,3.12173117,1,1,0,0.0,0.3203350786928908,3121.531474,3121.531474,3121.531474,3121.538647,0.007173,0,0,0,0,0,251.0546875,224.6484375,14.665588160222931,0.0,0.0,0.015623846176548252,30,302720362,0,0,0,0,True,1536M,,False,,30.0,288.69663429260254
medium-large-memory-c1,medium,large-memory,uniform,1,0,semantic,10,8,1788676270.308362,1788676330.3904343,60.082072156,180,180,0,0.0,2.995901997731358,226.373364,1060.778277,1541.454181,1541.454596,0.000582,2.7795312978952045,0.2722222222222222,0.4,0.5111111111111111,0.34905643738977077,4529.1796875,6144.0,2.320662090946902,80.41081765647299,81.67965770176329,31.010779521572303,1095,2187045953,12,0,35,0,True,1536M,,False,,6.083333333333333,11.587386412090725
medium-large-memory-c2,medium,large-memory,uniform,2,0,semantic,10,8,1788676333.447707,1788676393.780582,60.33287506,214,214,0,0.0,3.5469882677923223,478.132082,1355.324567,1718.277559,1718.27781,0.004763,3.0663216333718673,0.24299065420560748,0.3598130841121495,0.5093457943925234,0.3221999703308116,4566.36328125,6144.125,4.957965950715914,95.5762894173441,51.62405909545863,74.64221797459801,2472,5279286368,32,0,77,0,True,1536M,,False,,11.551401869158878,23.526728122033806
medium-large-memory-c4,medium,large-memory,uniform,4,0,semantic,10,8,1788676396.789392,1788676457.3750815,60.585689571,211,211,0,0.0,3.4826706024816367,1045.4719,2359.013233,3472.774045,3472.774493,0.005531,1.5845325963897494,0.27488151658767773,0.3933649289099526,0.5118483412322274,0.35137478372075537,4696.359375,6144.0859375,4.663594111682747,95.10774664269793,59.14063202077886,66.41939357947726,2409,4672237258,33,0,72,0,True,1536M,,False,,11.417061611374407,21.1175008204311
medium-large-memory-c8,medium,large-memory,uniform,8,0,semantic,10,8,1788676460.380346,1788676521.0447323,60.664386195,226,225,1,0.4424778761061947,3.708930628206779,1879.838466,4995.846755,7585.960137,8370.545967,0.004834,1.1538895287754423,0.27876106194690264,0.3893805309734513,0.49557522123893805,0.34943812333192875,4835.13671875,6144.01953125,4.872587996164925,95.58307935298608,59.23613160764693,67.16586945193575,2555,4694014538,25,0,60,0,True,1536M,,False,,11.355555555555556,19.895827136569554
medium-large-memory-warmup,medium,warmup,uniform,2,0,semantic,10,8,1788676206.779289,1788676267.3290029,60.549713825,209,209,0,0.0,3.451709129527005,507.183558,1257.906276,2136.891334,2136.891634,0.000664,3.1214020357923635,0.24880382775119617,0.3684210526315789,0.5215311004784688,0.32990810359231426,4529.1796875,6144.0,4.524257374692141,90.63272163124535,77.73572469657287,41.9095280628091,1657,3530073436,16,0,48,0,True,1536M,,False,,7.92822966507177,16.10784866479025
medium-pilot-c1,medium,pilot,uniform,1,0,semantic,10,8,1788675280.567675,1788675340.8423731,60.274697952,132,132,0,0.0,2.189973645411193,331.260934,1236.669279,2164.936738,2164.937135,0.000684,1.9908851321919936,0.24242424242424243,0.3409090909090909,0.4696969696969697,0.31089766714766714,901.47265625,1535.99609375,2.166512888736574,77.24451336977896,79.3233938581644,22.776313872094693,773,1677276410,0,0,0,0,True,1536M,,False,,5.856060606060606,12.117995710083932
medium-pilot-c2,medium,pilot,uniform,2,0,semantic,10,8,1788675343.979378,1788675404.9430892,60.963711372,168,168,0,0.0,2.755737736747449,693.72804,1438.215963,2153.788961,2153.789396,0.005664,2.2964481139562074,0.23809523809523808,0.34523809523809523,0.5,0.3152187263794408,997.88671875,1536.0,3.316423329841391,95.82641313186917,94.26846278848656,32.83706624549905,1297,2566656032,0,0,0,0,True,1536M,,False,,7.720238095238095,14.569963909330822
medium-pilot-c4,medium,pilot,uniform,4,0,semantic,10,8,1788675407.998257,1788675469.1789014,61.180644531,155,155,0,0.0,2.533480992039273,1254.62582,3834.772012,4504.867835,4504.868327,0.004758,0.8989771262074839,0.25161290322580643,0.3741935483870968,0.4967741935483871,0.3316308243727599,993.4921875,1535.9921875,2.8686414799986872,97.5666192416621,101.96499156551319,25.07961582916623,900,2021970759,0,0,0,0,True,1536M,,False,,5.806451612903226,12.440655363759687
medium-pilot-c8,medium,pilot,uniform,8,0,semantic,10,8,1788675472.366132,1788675535.182956,62.816824054,158,147,11,6.962025316455696,2.3401374108572024,2088.039778,7077.46633,9691.172641,10000.854001,0.005797,0.1751123232614233,0.22784810126582278,0.3227848101265823,0.43037974683544306,0.2921036769138035,1022.98828125,1535.99609375,2.7378920261434057,95.97696139084591,114.72680628527695,11.519533980857036,519,1088584316,0,0,0,0,True,1536M,,False,,3.5306122448979593,7.062278254502485
medium-pilot-warmup,medium,warmup,uniform,2,0,semantic,10,8,1788675216.346459,1788675277.4666321,61.120173156,157,157,0,0.0,2.5687100002037173,536.535517,2478.168965,3519.855753,3519.856271,0.005098,2.012428853662785,0.2484076433121019,0.35668789808917195,0.5159235668789809,0.3268552219189163,950.28515625,1536.74609375,5.712702209885666,93.28835476944228,46.725197981824195,73.97015733303071,2144,5693980465,0,0,0,0,True,1536M,,False,,13.656050955414013,34.58727979356316
medium-regression-semantic,medium,regression,sequential,1,0,semantic,10,8,1788675193.948195,1788675213.2705052,19.322310266,30,30,0,0.0,1.5526093716023555,291.354375,2979.517184,4126.943862,4126.944218,0.00752,1.293841143001963,0.23333333333333334,0.43333333333333335,0.43333333333333335,0.3111111111111111,780.265625,1536.21875,3.7497355999560202,83.6258666423062,5.288908029152051,60.638213972079186,450,1374915924,0,0,0,0,True,1536M,,False,,15.0,43.70740013122558
small-compatibility,small,setup,sequential,1,0,semantic,10,8,1788674583.477376,1788674593.4806082,10.003232284,1,0,1,100.0,0,0,0,0,10003.187736,0.007458,0,0,0,0,0,32.45703125,6.03125,0.04999390914736407,0.0,0.0,0.008202094155570383,0,0,0,0,0,0,,1536M,,False,,0.0,0.0
small-compatibility-v2,small,setup,sequential,1,0,semantic,10,8,1788674722.804777,1788674727.1051714,4.300394462,1,1,0,0.0,0.23253680768971283,4300.195078,4300.195078,4300.195078,4300.202662,0.007584,0,0,0,0,0,250.6796875,224.0546875,34.871352311852405,0.9999177523554414,0.0,4.052401033641866,0,0,0,0,0,0,,1536M,,False,,0.0,0.0
small-direct-s3-c1,small,direct-s3,uniform,1,0,semantic,10,8,1788675660.365071,1788675720.5687227,60.203651736,230,230,0,0.0,3.8203662629731614,221.011607,507.734174,588.34845,588.348728,0.000669,3.8203662629731614,0.26956521739130435,0.4,0.4956521739130435,0.3449861973775017,1007.07421875,1000.51171875,37.404856150385285,0.6499319034156924,0.24144257765513957,0.20206440211186344,4092,15779838164,152,0,395,0,False,1536M,,False,,17.791304347826088,65.42967988719111
small-direct-s3-c2,small,direct-s3,uniform,2,0,semantic,10,8,1788675723.600573,1788675783.7026048,60.10203169,391,391,0,0.0,6.5056037043262895,279.335672,583.201651,701.779477,701.77981,0.000535,6.488965331680953,0.26342710997442453,0.3836317135549872,0.49872122762148335,0.33858137457881704,1007.6328125,984.94140625,60.86085380462238,0.3666316742658336,0.168799781095602,0.19997690324935913,7253,26568766150,276,0,995,0,False,1536M,,False,,18.54987212276215,64.80294091012472
small-direct-s3-c4,small,direct-s3,uniform,4,0,semantic,10,8,1788675786.707294,1788675847.0903437,60.383049633,443,443,0,0.0,7.336495965216961,477.993025,1032.956851,1568.724279,1568.7246,0.000683,6.872789673961713,0.2325056433408578,0.3724604966139955,0.49887133182844245,0.3197651295281091,1023.8671875,1003.55859375,78.4571034941458,0.51638177922583,0.16360275345232517,0.22888720311428237,9225,33408590394,296,0,2181,0,False,1536M,,False,,20.82392776523702,71.92080046522429
small-direct-s3-c8,small,direct-s3,uniform,8,0,semantic,10,8,1788675850.071639,1788675910.8920767,60.820437733,426,424,2,0.4694835680751174,6.97134081575256,797.989024,3122.964726,5149.621462,5471.715801,0.004643,4.291320643659005,0.3075117370892019,0.42488262910798125,0.5305164319248826,0.37902414486921515,1024.234375,1024.49609375,87.85959897938199,0.5081299579000559,0.11346108486261945,0.24291908196690068,9142,31721218697,230,0,2415,0,False,1536M,,False,,21.56132075471698,71.34837631234583
small-direct-s3-warmup,small,warmup,uniform,2,0,semantic,10,8,1788675626.87851,1788675657.3408766,30.462366682,149,149,0,0.0,4.891281152099159,325.181898,648.864575,4283.097514,4283.111751,0.004924,4.82562637153407,0.2483221476510067,0.3624161073825503,0.5167785234899329,0.32834505166719946,1022.40234375,999.44140625,56.12415006133502,0.32256100386237035,0.1873610188301774,0.12272491731275356,2898,11395883257,121,0,494,0,False,1536M,,False,,19.449664429530202,72.93933674473091
small-first-touch,small,first-touch,sequential,1,0,semantic,10,8,1788674843.456372,1788674847.6436462,4.187274331,1,1,0,0.0,0.2388188403603308,4187.093599,4187.093599,4187.093599,4187.101061,0.007462,0,0,0,0,0,279.6171875,253.171875,34.49692098098061,1.9998250160739661,0.0,1.688328886981816,35,328752696,0,0,0,0,True,1536M,,False,,35.0,313.5230026245117
small-pilot-c1,small,pilot,uniform,1,0,semantic,10,8,1788674930.88704,1788674991.0316794,60.144639563,133,133,0,0.0,2.211335889056012,350.528923,1236.053408,2906.030643,2906.031091,0.000633,2.0783232040000112,0.24060150375939848,0.3383458646616541,0.46616541353383456,0.3085600907029479,858.1875,1535.96875,7.921214507960406,74.80952349237545,83.62058038697317,21.43840231580345,786,1802146210,0,0,0,0,True,1536M,,False,,5.909774436090226,12.922259811171912
small-pilot-c2,small,pilot,uniform,2,0,semantic,10,8,1788674994.296254,1788675054.6553705,60.359116544,162,162,0,0.0,2.683935903566561,691.08632,1378.97867,2366.427347,2366.42783,0.005147,2.137208219506706,0.24074074074074073,0.35185185185185186,0.5,0.31794287673917315,987.4765625,1536.546875,11.757113472479404,91.82425838768792,95.05052175582163,32.09446617752284,1266,2650982247,0,0,0,0,True,1536M,,False,,7.814814814814815,15.606010384029812
small-pilot-c4,small,pilot,uniform,4,0,semantic,10,8,1788675058.167514,1788675119.1998725,61.03235844,151,151,0,0.0,2.4740974109405562,1426.250049,3353.342944,4282.433166,4282.433619,0.005684,0.6390052915674284,0.2582781456953642,0.37748344370860926,0.5165562913907285,0.3386024387680018,1001.40234375,1536.16796875,10.90879909956231,91.5322176644397,95.13172325197853,30.128515914038864,1158,2488175103,0,0,0,0,True,1536M,,False,,7.66887417218543,15.714627089089905
small-pilot-c8,small,pilot,uniform,8,0,semantic,10,8,1788675122.935039,1788675185.5476952,62.61265609,155,139,16,10.32258064516129,2.2199984584618186,2036.712222,5433.815842,7446.332414,10000.936914,0.00512,0.1437409073824199,0.2129032258064516,0.3096774193548387,0.41935483870967744,0.2774807987711213,1049.14453125,1535.98046875,11.522650736189185,90.64095461900311,114.97027355917395,10.760141696952996,521,1168693720,0,0,0,0,True,1536M,,False,,3.7482014388489207,8.018368233879693
small-pilot-warmup,small,warmup,uniform,2,0,semantic,10,8,1788674866.703014,1788674926.9549437,60.25192973,150,150,0,0.0,2.4895468190343055,755.481644,1886.645098,2272.077694,2272.078266,0.005223,1.9584434976403202,0.24666666666666667,0.36,0.5133333333333333,0.3261560846560848,990.2265625,1536.171875,18.35566676846309,90.82103115323895,50.990279174530414,74.48207515104703,2152,5937038476,0,0,0,0,True,1536M,,False,,14.346666666666666,37.74667406717936
small-regression-semantic,small,regression,sequential,1,0,semantic,10,8,1788674849.005714,1788674863.4314358,14.425721833,30,30,0,0.0,2.07961863865783,314.184859,1917.205436,2206.317238,2206.31766,0.007775,1.8716567747920472,0.23333333333333334,0.43333333333333335,0.43333333333333335,0.3111111111111111,803.1953125,1298.125,16.664716594212166,54.99431992487021,12.418370786956167,79.20801850859006,498,1523299519,0,0,0,0,True,1536M,,False,,16.6,48.42438758214315
small-smoke,small,setup,sequential,1,0,semantic,10,8,1788674423.758118,1788674423.7592826,0.001164735,1,0,1,100.0,0,0,0,0,1.120154,0.008157,0,0,0,0,0,0,0,0,0,0,0,0,0,0,0,0,0,,1536M,,False,,0.0,0.0
