run,node,concurrency,nprobe,mix,seconds,qps,p50_ms,p99_ms,errors,hit10,mrr,mib_per_query,s3_per_query,hedges_per_query,mib_s,pct_sustained,pct_burst,segment_cache_mib,disk_cache,disk_cache_gib,hedge_ms,memory_max
large-tier-fastdisk-nprobe4,large,32,4,uniform,600.011886949,2015.8400630199646,14.207449,41.336087,0,0.47003459200613795,0.3187947403306155,0.00011450341905131048,0.011747557724996858,0.0,0.23082057947639512,0.025816844794137653,0.012908422397068827,2048.0,True,80.0,0,26G
large-tier-fastdisk-nprobe8,large,32,8,uniform,600.026411612,1029.111365849834,28.710374,73.593987,0,0.5083045341331252,0.34906997039931936,0.0001812914405654745,1.9433387207001202e-05,0.0,0.18656908201721947,0.020867398586164047,0.010433699293082023,2048.0,True,80.0,0,26G
large-tier-fastdisk-warm,large,32,8,uniform,600.032873658,1006.669845132987,28.580386,77.121754,0,0.5082735271962717,0.34906505470315136,0.03279347991949675,0.12116516427028236,0.0,33.01220735193151,3.6923528892009525,1.8461764446004763,2048.0,True,80.0,0,26G
large-tier-nprobe8-c16,large,16,8,uniform,90.475252182,48.33365914474904,284.485472,1098.341866,0,0.5078893208323805,0.3524706078787938,35.835956250942466,13.686942602332495,0.0,1732.0828945591918,193.73019234616524,96.86509617308262,2048.0,False,0.0,0,26G
large-tier-nprobe8-c32,large,32,8,uniform,90.238974798,50.21112008577941,465.148155,3066.364858,0,0.5166629883028029,0.359091601769818,34.82224216642192,13.558596336349591,0.0,1748.4637830743027,195.56236371209815,97.78118185604907,2048.0,False,0.0,0,26G
large-tier-nprobe8-c64,large,64,8,uniform,90.37262492,51.71920151857419,782.722752,6825.948455,17,0.5088467277765935,0.3508147144312134,33.79526026574373,13.494009413778349,0.0,1747.863876056663,195.4952652479991,97.74763262399955,2048.0,False,0.0,0,26G
large-tier-nprobe8-c8,large,8,8,uniform,90.221859027,40.611000920558546,172.614226,522.872894,0,0.5147379912663755,0.35979402769113455,36.73550972745929,13.751091703056769,0.0,1491.8658193590365,166.8623672960236,83.4311836480118,2048.0,False,0.0,0,26G
large-tier-sustained-nprobe4,large,32,4,uniform,600.135760002,104.50968627463723,229.279644,1522.022209,0,0.47004145408163267,0.3204620624291447,16.743641900864183,10.47329400510204,0.0,1749.8727621541864,195.7199553545161,97.85997767725804,2048.0,False,0.0,0,26G
large-tier-sustained-nprobe8,large,32,8,uniform,600.48966564,50.60203653565744,458.829952,3037.253019,1,0.5119623523217165,0.35472180041486584,34.57047666059946,13.51563219903903,0.0,1749.3365230347467,195.65997802428612,97.82998901214306,2048.0,False,0.0,0,26G
large-tier-sustained-warmup,large,32,8,uniform,60.468822544,49.364281863235746,448.414739,3744.466234,0,0.5202680067001675,0.3605999574592544,35.26415235880432,13.607035175879396,0.0,1740.789556708106,194.7040160229076,97.3520080114538,2048.0,False,0.0,0,26G
large-verify-direct-nprobe4,large,32,4,uniform,1200.301736279,104.26544944271409,231.189085,1440.257287,0,0.47039552536955653,0.31926085522768444,16.734031688524063,10.46921294446664,0.0,1744.7813349925812,195.15048886625928,97.57524443312964,2048.0,False,0.0,0,26G
large-verify-fastdisk-nprobe4,large,32,4,uniform,1200.013387617,2033.505646837694,14.121856,39.948474,0,0.47002254701803187,0.3188416825130651,0.00013974927025583572,1.3113496492549486e-05,0.0,0.2841809302066889,0.03178509899439029,0.015892549497195145,2048.0,True,80.0,0,26G
large-verify-fastdisk-nprobe8,large,32,8,uniform,1200.016769553,1027.0339809160203,29.205534,70.29755,0,0.5086201720464308,0.3487985034397726,0.00018166368999348635,1.9473280225370762e-05,0.0,0.18657478272190406,0.02086803619918968,0.01043401809959484,2048.0,True,80.0,0,26G
medium-ceiling-nprobe1-c16,medium,16,1,uniform,90.159324115,146.66259014024774,98.403715,395.634476,0,0.3646676245935113,0.24279574190713937,6.576644212803123,7.685094154125387,0.0,964.5476746805766,431.5313248110337,64.72969872165505,0.0,False,0.0,0,1536M
medium-ceiling-nprobe1-c32,medium,32,1,uniform,90.219197068,211.72877414994554,123.005285,557.126015,0,0.36514501099361324,0.24347246943310188,6.324997719738848,7.6701392524343,0.0,1339.184013701507,599.1407856431239,89.87111784646858,0.0,False,0.0,0,1536M
medium-ceiling-nprobe1-c64,medium,64,1,uniform,90.47653999,201.234485779544,204.472543,1647.408788,0,0.36540890866150383,0.24127980168102145,5.890371536602264,7.601197341681771,0.0,1185.345887218619,530.3147729220909,79.54721593831364,0.0,False,0.0,0,1536M
medium-ceiling-nprobe1-c8,medium,8,1,uniform,90.205155647,66.4596159388078,106.227062,428.59349,0,0.36430358632193494,0.24392833975402786,6.687327052952351,7.715262718932443,0.0,444.4371875964127,198.83783185966763,29.825674778950148,0.0,False,0.0,0,1536M
medium-ceiling-nprobe4-c16,medium,16,4,uniform,90.270668339,50.082713279821526,269.009911,1048.058242,0,0.47157708471577087,0.3252145191926209,25.704177726504287,11.770625967706259,0.0,1287.334963170089,575.94391310551,86.3915869658265,0.0,False,0.0,0,1536M
medium-ceiling-nprobe4-c32,medium,32,4,uniform,90.487356847,34.557313960305734,874.19987,2463.758899,0,0.4768148385033579,0.32836165806265005,25.159230763819945,11.677966101694915,0.0,869.4354365051086,388.9788297680131,58.34682446520196,0.0,False,0.0,0,1536M
medium-ceiling-nprobe8-c16,medium,16,8,uniform,59.814152389,12.772896872822724,808.908708,2513.492795,1380058,0.0002925793476639277,0.00020264470716809972,0.0,0.0,0.0,0.0,0.0,0.0,0.0,False,0.0,0,1536M
medium-ceiling-nprobe8-c32,medium,32,8,uniform,18.996183353,0,0,0,2029454,0,0,0.0,0.0,0.0,0.0,0.0,0.0,0.0,False,0.0,150,1536M
medium-direct-s3-c1,medium,1,8,uniform,60.122809201,4.707032218901923,181.497208,503.114925,0,0.5300353356890459,0.37411520556396877,59.271180462921464,16.74558303886926,0.773851590106007,278.99135609132156,124.81861982072047,18.72279297310807,0.0,False,0.0,,
medium-direct-s3-c16,medium,16,8,uniform,18.887288322,0,0,0,1324506,0,0,0.0,0.0,0.0,0.0,0.0,0.0,0.0,False,0.0,150,1536M
medium-direct-s3-c2,medium,2,8,uniform,60.074394151,9.321775240752523,186.689218,506.913806,0,0.5071428571428571,0.3457638888888889,57.740480634144376,16.667857142857144,0.7678571428571429,538.2437827645176,240.8061921092637,36.12092881638956,0.0,False,0.0,,
medium-direct-s3-c4,medium,4,8,uniform,60.197817585,18.04052112797205,192.02717,528.545033,0,0.509208103130755,0.3492790639890086,58.284461689697885,16.952117863720073,1.050644567219153,1051.4820625454722,470.4251115586906,70.56376673380359,0.0,False,0.0,,
medium-direct-s3-c8,medium,8,8,uniform,60.171745685,20.87358419972023,344.942202,975.399519,0,0.518312101910828,0.35673655343241295,64.91277370407323,19.223726114649683,3.3646496815286624,1354.962247549358,606.199847972828,90.9299771959242,0.0,False,0.0,,
medium-direct-s3-warmup,medium,2,8,uniform,30.152618509,8.390647728471217,188.686264,562.394624,0,0.5138339920948617,0.3215822824518478,60.91910545439588,16.857707509881422,0.8260869565217391,511.1507538014253,228.68497613571557,34.30274642035734,0.0,False,0.0,,
medium-fastdisk-nprobe4,medium,8,4,uniform,600.102438779,65.51881388783967,112.073046,375.354731,0,0.4696830968004476,0.3193023793779257,0.005793978914590447,0.5150312833816573,0.0,0.3796146261751188,0.16983670880264592,0.02547550632039689,2048.0,True,80.0,0,6144M
medium-fastdisk-nprobe8,medium,8,8,uniform,600.113226976,31.159119911795944,247.264112,710.043272,0,0.5090111770682925,0.3518776150494397,0.006491648729449702,0.0220867426065565,0.0,0.20227406118618108,0.09049588308580736,0.013574382462871104,2048.0,True,80.0,0,6144M
medium-fastdisk-nprobe8-c16,medium,16,8,uniform,300.302594561,30.44928737085085,502.491955,1420.412361,0,0.507655293088364,0.3532170457859444,0.010821244952351193,0.12620297462817148,0.0,0.3294991972645107,0.14741544544888815,0.022112316817333222,2048.0,True,80.0,0,6144M
medium-fastdisk-nprobe8-c32,medium,32,8,uniform,306.497595571,10.482953362209038,1171.75556,9557.827964,355,0.4672085201793722,0.3244895099295326,0.01766410943989141,0.08465608465608465,0.0,0.18517203544333805,0.08284456628780101,0.012426684943170152,2048.0,True,80.0,0,6144M
medium-fastdisk-warm,medium,8,8,uniform,600.137472034,30.589657962500887,247.542527,733.095988,0,0.509096851508879,0.35210722975321257,1.0538555133419367,3.4465628064059266,0.0,32.237079695025635,14.422625313404247,2.1633937970106367,2048.0,True,80.0,0,6144M
medium-first-touch,medium,1,8,sequential,3.12173117,0.3203350786928908,3121.531474,3121.531474,0,0,0,288.69663429260254,30.0,0.0,92.47965906449355,41.37469908616977,6.206204862925465,0.0,False,0.0,,
medium-large-memory-c1,medium,1,8,uniform,60.082072156,2.995901997731358,226.373364,1541.454181,0,0.5111111111111111,0.34905643738977077,11.587386412090725,6.083333333333333,0.19444444444444445,34.714674100467796,15.53108228675077,2.3296623430126155,0.0,False,0.0,,
medium-large-memory-c2,medium,2,8,uniform,60.33287506,3.5469882677923223,478.132082,1718.277559,0,0.5093457943925234,0.3221999703308116,23.526728122033806,11.551401869158878,0.3598130841121495,83.4490286283936,37.334463421033156,5.600169513154973,0.0,False,0.0,,
medium-large-memory-c4,medium,4,8,uniform,60.585689571,3.4826706024816367,1045.4719,3472.774045,0,0.5118483412322274,0.35137478372075537,21.1175008204311,11.417061611374407,0.3412322274881517,73.54529930519723,32.9036099260785,4.935541488911776,0.0,False,0.0,,
medium-large-memory-c8,medium,8,8,uniform,60.664386195,3.708930628206779,1879.838466,7585.960137,1,0.49557522123893805,0.34943812333192875,19.895827136569554,11.355555555555556,0.26666666666666666,73.7922426403304,33.01409050403289,4.952113575604933,0.0,False,0.0,,
medium-large-memory-warmup,medium,2,8,uniform,60.549713825,3.451709129527005,507.183558,2136.891334,0,0.5215311004784688,0.32990810359231426,16.10784866479025,7.92822966507177,0.22966507177033493,55.59960829329588,24.874843676053768,3.7312265514080654,0.0,False,0.0,,
medium-optimize-hedge0,medium,8,8,uniform,120.403488248,24.766724314978752,285.817314,922.807256,0,0.5167672702883971,0.3617456059105964,51.134638865309064,15.820925553319919,0.0,1266.4375037231075,566.5945480123568,84.98918220185351,0.0,False,0.0,0,1536M
medium-optimize-hedge0-warmup,medium,8,8,uniform,30.264815738,22.03879269492878,283.612054,3242.426773,0,0.5142428785607196,0.3647348944575331,51.883611996491986,15.79160419790105,0.0,1143.452169054807,511.5718406906937,76.73577610360405,0.0,False,0.0,0,1536M
medium-optimize-hedge150,medium,8,8,uniform,120.41269198,20.83667393148833,347.003565,1020.672389,0,0.5145476285372659,0.36298990301581013,64.62764958396477,19.10880829015544,3.310083698684735,1346.6252613395613,602.4699434813405,90.37049152220108,0.0,False,0.0,150,1536M
medium-optimize-hedge150-warmup,medium,8,8,uniform,30.442889155,18.296555138509817,354.25835,3355.761475,0,0.5080789946140036,0.3611417457467725,66.03380724771661,19.35547576301616,3.5960502692998206,1208.191195313576,540.5355907486413,81.0803386122962,0.0,False,0.0,150,1536M
medium-optimize-memory-uniform-c16,medium,16,8,uniform,122.057658062,12.371202462634384,525.63135,8112.218405,21,0.503592423252776,0.34629871543653346,50.99133038236605,17.81788079470199,3.962913907284768,630.8240719993304,282.22591237152847,42.333886855729276,0.0,False,0.0,150,6144M
medium-optimize-memory-uniform-c4,medium,4,8,uniform,120.226262541,23.02325583028123,155.447353,500.241523,0,0.5169797687861272,0.3616115870722088,40.179930052660794,14.3746387283237,0.5238439306358381,925.0728088452146,413.87056879261,62.0805853188915,0.0,False,0.0,150,6144M
medium-optimize-memory-uniform-c8,medium,8,8,uniform,120.187463189,32.624034953080404,226.985554,610.772132,0,0.5151747003315481,0.36000058698987514,43.03360305845479,15.287171639887784,1.5646518745218057,1403.9297703360166,628.1075468202065,94.21613202303098,0.0,False,0.0,150,6144M
medium-optimize-memory-uniform-warmup,medium,8,8,uniform,60.200096462,29.833839238674408,237.732639,710.96657,0,0.5072383073496659,0.35730591791282207,44.56984087725259,15.422048997772828,1.6464365256124722,1329.689467625253,594.89299763397,89.2339496450955,0.0,False,0.0,150,6144M
medium-optimize-memory-zipf-c16,medium,16,8,zipf,121.460094592,8.751845645853916,56.253035,8771.413534,26,0.4288337924701561,0.2524312387948752,25.780426185981128,8.91439322671684,2.4807149576669802,225.6263106640372,100.94350264783081,15.141525397174622,0.0,False,0.0,150,6144M
medium-optimize-memory-zipf-c4,medium,4,8,zipf,120.323819315,8.842804409445455,23.573911,2573.712281,0,0.3975563909774436,0.2332151062179256,25.29800950674186,8.724624060150376,2.149436090225564,223.70535001640994,100.08407940215768,15.012611910323653,0.0,False,0.0,150,6144M
medium-optimize-memory-zipf-c8,medium,8,8,zipf,121.309516428,9.092444125392719,54.469503,5162.260231,0,0.4242973708068903,0.2482198621364532,24.70686396705164,8.820489573889393,2.310970081595648,224.6457801340957,100.50482071461953,15.07572310719293,0.0,False,0.0,150,6144M
medium-optimize-memory-zipf-warmup,medium,8,8,zipf,60.964238979,8.808442604933973,240.760541,4934.937654,0,0.44878957169459965,0.28228326091454586,26.203541583411077,9.418994413407821,2.37243947858473,230.81239208347714,103.26371619896496,15.489557429844744,0.0,False,0.0,150,6144M
medium-optimize-nprobe1-load,medium,8,1,uniform,60.138825857,74.34465066929117,97.520114,394.777776,0,0.35965108476850816,0.24124605482243644,7.136673552748395,7.825542384254081,0.06978304629836725,530.5735022198485,237.37456668317006,35.606185002475506,0.0,False,0.0,150,1536M
medium-optimize-nprobe1-quality,medium,1,1,sequential,14.87938336,6.720708619473327,103.897335,495.114984,0,0.42,0.2769285714285714,10.32649661064148,7.95,0.13,69.4013747801003,31.04964947687187,4.65744742153078,0.0,False,0.0,150,1536M
medium-optimize-nprobe2-load,medium,8,2,uniform,60.361496072,58.97799477590125,120.493591,435.811421,0,0.4258426966292135,0.29584893882646757,14.211771049392357,9.636516853932584,0.14662921348314606,838.1817587073671,374.99617101582345,56.24942565237352,0.0,False,0.0,150,1536M
medium-optimize-nprobe2-quality,medium,1,2,sequential,13.916117973,7.185912062115284,123.966581,393.890704,0,0.5,0.36813492063492065,15.579219360351562,9.65,0.19,111.95090031989025,50.085984961633805,7.512897744245071,0.0,False,0.0,150,1536M
medium-optimize-nprobe4-load,medium,8,4,uniform,60.193514137,43.67580191474475,162.403766,525.373849,0,0.47584632940281474,0.3333288050861278,28.472418415451195,12.302776721186763,0.4777481932293648,1243.555706746977,556.3574053367117,83.45361080050675,0.0,False,0.0,150,1536M
medium-optimize-nprobe4-quality,medium,1,4,sequential,15.850741664,6.3088530568332155,142.564219,412.90753,0,0.58,0.412718253968254,30.010358619689942,12.21,0.31,189.33094271449193,84.70522990412421,12.705784485618631,0.0,False,0.0,150,1536M
medium-optimize-nprobe8-load,medium,8,8,uniform,60.275912359,20.256848087637255,354.682469,988.717954,0,0.5143325143325144,0.353198653198653,65.44665527187539,19.257166257166258,3.4438984438984437,1325.7429536863435,593.1273571859674,88.96910357789511,0.0,False,0.0,150,1536M
medium-optimize-nprobe8-quality,medium,1,8,sequential,19.55544991,5.113663989334419,163.363359,491.308251,0,0.6,0.44644444444444437,58.63739320755005,16.72,0.59,299.8519260738913,134.15148084687218,20.122722127030826,0.0,False,0.0,150,1536M
medium-pilot-c1,medium,1,8,uniform,60.274697952,2.189973645411193,331.260934,2164.936738,0,0.4696969696969697,0.31089766714766714,12.117995710083932,5.856060606060606,0.0,26.538091240289706,11.87294103909462,1.7809411558641932,0.0,False,0.0,,
medium-pilot-c2,medium,2,8,uniform,60.963711372,2.755737736747449,693.72804,2153.788961,0,0.5,0.3152187263794408,14.569963909330822,7.720238095238095,0.0,40.15099936799133,17.96325304033744,2.694487956050616,0.0,False,0.0,,
medium-pilot-c4,medium,4,8,uniform,61.180644531,2.533480992039273,1254.62582,4504.867835,0,0.4967741935483871,0.3316308243727599,12.440655363759687,5.806451612903226,0.0,31.518163892596593,14.100987827986502,2.1151481741979756,0.0,False,0.0,,
medium-pilot-c8,medium,8,8,uniform,62.816824054,2.3401374108572024,2088.039778,9691.172641,11,0.43037974683544306,0.2921036769138035,7.062278254502485,3.5306122448979593,0.0,16.526701549244567,7.393921110912286,1.109088166636843,0.0,False,0.0,,
medium-pilot-warmup,medium,2,8,uniform,61.120173156,2.5687100002037173,536.535517,3519.855753,0,0.5159235668789809,0.3268552219189163,34.58727979356316,13.656050955414013,0.0,88.84469148556965,39.74844212018035,5.962266318027052,0.0,False,0.0,,
medium-regression-semantic,medium,1,8,sequential,19.322310266,1.5526093716023555,291.354375,4126.943862,0,0.43333333333333335,0.3111111111111111,43.70740013122558,15.0,0.0,67.86051905211487,30.360282293585236,4.554042344037786,0.0,False,0.0,,
medium-sustained-base,medium,8,8,uniform,600.786325898,6.71120467659336,445.108234,7126.8049,5,0.5139955412434977,0.3587593529691619,69.15919586684969,20.32862103174603,4.536706349206349,464.1415187310378,207.65340038183112,31.148010057274668,0.0,False,0.0,150,1536M
medium-sustained-base-warmup,medium,8,8,uniform,60.166255009,19.878252349611852,341.171152,1369.151505,0,0.5209030100334449,0.3593738387216646,64.69934638367847,19.055183946488295,3.2550167224080266,1286.1099342697078,575.3958444530317,86.30937666795475,0.0,False,0.0,150,1536M
medium-sustained-cache,medium,8,8,uniform,600.565254313,6.044305716874078,1078.37745,5576.153708,6,0.5159515951595159,0.3604193951141144,36.541406813272104,13.755096418732782,0.0,220.86743410408195,98.81441731546532,14.822162597319798,0.0,False,0.0,0,6144M
medium-sustained-cache-nprobe2,medium,8,2,uniform,600.342780024,26.803020766497312,226.155695,1457.956611,0,0.41955130197004536,0.2833532843460757,8.215100028562128,8.680628923000436,0.0,220.18949666440338,98.51111323919933,14.7766669858799,0.0,False,0.0,0,6144M
medium-sustained-cache-nprobe2-warmup,medium,8,2,uniform,60.395299349,27.137873603852547,192.021851,1795.015219,0,0.4301403294691885,0.29416843410132,8.700224090306188,8.697986577181208,0.0,236.10558168792232,105.63184914090446,15.844777371135669,0.0,False,0.0,0,6144M
medium-sustained-cache-nprobe4,medium,8,4,uniform,600.383027653,12.685235340133193,494.24881,2741.789087,0,0.47505252100840334,0.32596986711351217,17.347458261151274,10.558560924369749,0.0,220.05659059584167,98.45165207066678,14.767747810600017,0.0,False,0.0,0,6144M
medium-sustained-cache-nprobe4-warmup,medium,8,4,uniform,60.40610429,12.995375371855486,452.34397,3173.305825,0,0.46878980891719746,0.3205378627034678,18.009671544117534,10.602547770700637,0.0,234.04244203963154,104.70881608710343,15.706322413065514,0.0,False,0.0,0,6144M
medium-sustained-cache-warmup,medium,8,8,uniform,61.196065968,6.20954948637884,1142.375982,4718.45161,0,0.5394736842105263,0.3862259816207183,38.15594898776004,13.886842105263158,0.0,236.9312534392426,106.00124842935776,15.900187264403664,0.0,False,0.0,0,6144M
medium-sustained-hedge0,medium,8,8,uniform,600.848934765,4.253981079286902,1492.878656,6504.854966,6,0.514832162373146,0.3613192818110855,51.7263896230241,15.89945226917058,0.0,220.04308275616685,98.44560876549563,14.766841314824346,0.0,False,0.0,0,1536M
medium-sustained-hedge0-warmup,medium,8,8,uniform,60.474232433,4.547391325796077,1539.568831,6031.891875,0,0.5272727272727272,0.36560317460317443,52.34908057819713,15.803636363636363,0.0,238.05175493469355,106.50255231249119,15.975382846873678,0.0,False,0.0,0,1536M
nvme-c7gd-metak-all-load,nvme-c7gd,8,4,uniform,300.434235664,58.44207455649806,122.562505,476.781967,0,0.46998519193530014,0.320638062150477,17.501667041715557,10.59294908303907,0.0,1022.8337301149456,457.6080645926439,68.6412096888966,2048.0,False,0.0,0,6144M
nvme-c7gd-metak-all-quality,nvme-c7gd,1,4,sequential,22.450013017,4.454340401686013,181.472593,513.368292,0,0.58,0.412718253968254,25.003186569213867,11.42,0.0,111.37270410614242,49.82730435447569,7.474095653171354,2048.0,False,0.0,0,6144M
nvme-c7gd-metak-none-load,nvme-c7gd,8,4,uniform,300.230497438,0,0,0,22157,0,0,383043.8343191147,55650.0,0.0,1275.8325273008493,570.7978104093933,85.61967156140898,2048.0,False,0.0,0,6144M
nvme-c7gd-metak-none-quality,nvme-c7gd,1,4,sequential,14.571319407,0,0,0,100,0,0,2495.44202709198,332.0,0.0,171.25710839151463,76.6191333071961,11.492869996079413,2048.0,False,0.0,0,6144M
nvme-c7gd-metak-top3-load,nvme-c7gd,8,4,uniform,300.216651577,0,0,0,18293,0,0,318089.22236442566,96812.0,0.0,1059.5322434433376,474.02670152569226,71.10400522885384,2048.0,False,0.0,0,6144M
nvme-c7gd-metak-top3-quality,nvme-c7gd,1,4,sequential,17.492225156,0,0,0,100,0,0,2496.044083595276,613.0,0.0,142.69448634092782,63.840432516021224,9.576064877403184,2048.0,False,0.0,0,6144M
nvme-c7gd-metak2-none-load,nvme-c7gd,8,4,uniform,300.219033891,13.050471681360822,452.019931,2995.204472,0,0,0,17.337956679725355,2.505104645227157,0.0,226.26851266141645,101.2308189578485,15.184622843677275,2048.0,False,0.0,0,6144M
nvme-c7gd-metak2-none-quality,nvme-c7gd,1,4,sequential,14.781756792,6.765095746543521,101.339994,468.488774,0,0,0,24.9544202709198,3.32,0.0,168.81904243225895,75.5283610613113,11.329254159196694,2048.0,False,0.0,0,6144M
nvme-c7gd-metak2-top3-load,nvme-c7gd,8,4,uniform,300.341693821,26.69293063512532,144.898673,1888.975417,0,0.3765747785954846,0.30699347220489803,17.419453946018777,5.287514032680554,0.0,464.97627588283933,208.02686440965297,31.204029661447944,2048.0,False,0.0,0,6144M
nvme-c7gd-metak2-top3-quality,nvme-c7gd,1,4,sequential,17.377321126,5.754626922925405,127.847189,488.935367,0,0.43,0.385,24.96044083595276,6.13,0.0,143.63802484266046,64.26256449596481,9.639384674394721,2048.0,False,0.0,0,6144M
nvme-c7gd-nvme-nprobe4-c16,nvme-c7gd,16,4,uniform,300.755283946,19.18170787993807,751.58903,2724.234046,0,0.47148552608771016,0.3252498300990231,0.06148848696460879,0.8483272664239903,0.0,1.1794541949345057,0.5276788744139282,0.07915183116208924,2048.0,True,100.0,0,6144M
nvme-c7gd-nvme-nprobe4-c8,nvme-c7gd,8,4,uniform,300.357943827,19.65987622888096,366.04363,1334.604887,0,0.47654530059271805,0.329335981076031,0.009478948077945564,0.0010160880609652837,0.0,0.18635494599239888,0.08337379150887494,0.01250606872633124,2048.0,True,100.0,0,6144M
nvme-c7gd-nvme-nprobe8-c16,nvme-c7gd,16,8,uniform,301.664033753,8.93709457656945,1712.475461,4802.591638,0,0.5085311572700296,0.34897555461353735,0.32165367419358887,1.4039317507418398,0.0,2.8746493071691597,1.2860963293500622,0.19291444940250935,2048.0,True,100.0,0,6144M
nvme-c7gd-nvme-sustained-nprobe4-c16,nvme-c7gd,16,4,uniform,600.385250337,18.752959027025152,775.995394,2762.171224,0,0.4714450661692868,0.32391212250658197,0.016017283795305336,0.3147704058975042,0.0,0.3003714667375949,0.13438391940515854,0.02015758791077378,2048.0,True,100.0,0,6144M
nvme-c7gd-nvme-warm,nvme-c7gd,8,4,uniform,600.384171977,19.312634378449587,363.119448,1524.030814,0,0.47391116860715826,0.3241150057838306,1.4849976108217096,4.4021561017680035,0.0,28.679215910670848,12.830864001172307,1.924629600175846,2048.0,True,100.0,0,6144M
nvme-c7gd-nvme2-nprobe4-c16,nvme-c7gd,16,4,uniform,300.738190742,20.61926350192008,692.269576,2556.708419,0,0.4702467343976778,0.32420666917522156,0.009026477729441793,0.0009675858732462506,0.0,0.1861193227975736,0.0832683754759631,0.012490256321394465,512.0,True,100.0,0,3072M
nvme-c7gd-nvme2-nprobe4-c8,nvme-c7gd,8,4,uniform,300.48800687,21.57490432822744,327.553276,1268.907557,0,0.47601419096097486,0.3278222775561963,0.00863384939391139,0.0009254974548819991,0.0,0.1862744746579627,0.08333778924328443,0.012500668386492665,512.0,True,100.0,0,3072M
nvme-c7gd-nvme2-nprobe8-c16,nvme-c7gd,16,8,uniform,301.504382536,9.27018034195995,1642.422873,4574.165717,0,0.5084078711985689,0.35041755402220565,0.02521945666755035,0.036493738819320214,0.0,0.23378891143443603,0.10459538841441075,0.01568930826216161,512.0,True,100.0,0,3072M
nvme-c7gd-nvme2-sustained-nprobe4-c16,nvme-c7gd,16,4,uniform,600.852605669,20.71556298926471,689.897931,2547.624856,0,0.4717602635173134,0.32395420073173964,0.010286421740190125,0.05824696714067647,0.0,0.21308901749305045,0.09533441263223164,0.014300161894834745,512.0,True,100.0,0,3072M
nvme-c7gd-nvme2-warm,nvme-c7gd,8,4,uniform,300.50323941,21.447356150482573,317.675253,1274.098959,0,0.47618308766485645,0.32778978413190896,0.026858222049923254,0.0021722265321955005,0.0,0.5760378538734481,0.25771497329630066,0.0386572459944451,512.0,True,100.0,0,3072M
nvme-r7gd-nvme-nprobe4-c16,nvme-r7gd,16,4,uniform,300.016080226,855.8707913474944,16.821176,50.925443,0,0.46973809755622625,0.3196340196546035,0.0002179853505998191,2.3366760782786486e-05,0.0,0.1865672945200282,0.08346879463195013,0.01252031919479252,2048.0,True,100.0,0,26G
nvme-r7gd-nvme-nprobe4-c32,nvme-r7gd,32,4,uniform,300.024474525,865.3527363427352,34.297044,91.562898,0,0.46997808394350354,0.319694705793071,0.00021559078370226732,2.3110077149140884e-05,0.0,0.18656207460703178,0.08346645928240766,0.01251996889236115,2048.0,True,100.0,0,26G
nvme-r7gd-nvme-nprobe4-c8,nvme-r7gd,8,4,uniform,300.008798124,865.3479552046232,7.827443,28.337531,0,0.4699513119578448,0.3193002487961293,0.0002156032402210551,2.3111412415450748e-05,0.0,0.18657182306078118,0.08347082066678686,0.012520623100018028,2048.0,True,100.0,0,26G
nvme-r7gd-nvme-nprobe8-c32,nvme-r7gd,32,8,uniform,300.05491986,452.1905525272063,66.779343,170.171051,0,0.5073701743783258,0.348589214089046,0.01189093368306928,0.10535664273816718,0.0,5.376967872211466,2.4056147044573915,0.3608422056686087,2048.0,True,100.0,0,26G
nvme-r7gd-nvme-sustained-nprobe4-c32,nvme-r7gd,32,4,uniform,600.024970295,861.3924846259135,34.496999,91.97986,0,0.4703157739955152,0.31976794278343557,0.00021659061752193955,2.3217253514995443e-05,0.0,0.18656953017388442,0.08346979484655404,0.012520469226983105,2048.0,True,100.0,0,26G
nvme-r7gd-nvme-warm,nvme-r7gd,8,4,uniform,600.008309016,737.7214504344413,7.715977,38.170065,0,0.47020258043236135,0.3192028568050136,0.040760222926122414,0.15947081029913768,0.0,30.069690777090194,13.452951925878669,2.0179427888818005,2048.0,True,100.0,0,26G
small-compatibility,small,1,8,sequential,10.003232284,0,0,0,1,0,0,0.0,0.0,0.0,0.0,0.0,0.0,0.0,False,0.0,,
small-compatibility-v2,small,1,8,sequential,4.300394462,0.23253680768971283,4300.195078,4300.195078,0,0,0,0.0,0.0,0.0,0.0,0.0,0.0,0.0,False,0.0,,
small-direct-s3-c1,small,1,8,uniform,60.203651736,3.8203662629731614,221.011607,588.34845,0,0.4956521739130435,0.3449861973775017,65.42967988719111,17.791304347826088,1.7173913043478262,249.96534163815852,1638.1728629598358,41.937225291771796,0.0,False,0.0,,
small-direct-s3-c2,small,2,8,uniform,60.10203169,6.5056037043262895,279.335672,701.779477,0,0.49872122762148335,0.33858137457881704,64.80294091012472,18.54987212276215,2.544757033248082,421.582252436145,2762.8814495655197,70.7297651088773,0.0,False,0.0,,
small-direct-s3-c4,small,4,8,uniform,60.383049633,7.336495965216961,477.993025,1568.724279,0,0.49887133182844245,0.3197651295281091,71.92080046522429,20.82392776523702,4.923250564334086,527.6466624282922,3457.9851668900556,88.52442027238543,0.0,False,0.0,,
small-direct-s3-c8,small,8,8,uniform,60.820437733,6.97134081575256,797.989024,5149.621462,2,0.5305164319248826,0.37902414486921515,71.34837631234583,21.56132075471698,5.695754716981132,497.3938479239296,3259.720321754265,83.44884023690919,0.0,False,0.0,,
small-direct-s3-warmup,small,2,8,uniform,30.462366682,4.891281152099159,325.181898,4283.097514,0,0.5167785234899329,0.32834505166719946,72.93933674473091,19.449664429530202,3.315436241610738,356.7668030661159,2338.1069205740973,59.855537166696884,0.0,False,0.0,,
small-first-touch,small,1,8,sequential,4.187274331,0.2388188403603308,4187.093599,4187.093599,0,0,0,313.5230026245117,35.0,0.0,74.87519991307484,490.70211015032726,12.561974019848378,0.0,False,0.0,,
small-optimize-hedge0,small,4,8,uniform,120.407404868,8.753614457146362,406.109453,1338.184885,0,0.5037950664136622,0.34487440137345243,53.60390145321725,15.940227703984819,0.0,469.22788672033136,3075.1318784103637,78.72337608730531,0.0,False,0.0,0,1536M
small-optimize-hedge0-warmup,small,4,8,uniform,30.398789068,7.598986903171337,419.113797,4519.567834,0,0.5064935064935064,0.35331718546004265,54.4217299382924,16.017316017316016,0.0,413.5500130490114,2710.241365518001,69.38217895726083,0.0,False,0.0,0,1536M
small-optimize-hedge150,small,4,8,uniform,120.197149161,7.362903414743827,474.006596,1562.44265,0,0.48926553672316386,0.3333423011389113,71.61345098786435,20.60677966101695,4.692655367231638,527.2829228201362,3455.6013629940444,88.46339489264753,0.0,False,0.0,150,1536M
small-optimize-hedge150-warmup,small,4,8,uniform,30.53056629,6.288779519392269,486.769327,4891.24043,0,0.53125,0.3589389054232805,74.17041689157486,21.135416666666668,5.104166666666667,466.44139869252234,3056.8703504713144,78.25588097206565,0.0,False,0.0,150,1536M
small-optimize-nprobe1-load,small,4,1,uniform,60.330773465,33.01797549729127,109.932829,447.845766,0,0.3634538152610442,0.2461054535602728,7.5584401686986284,7.875502008032129,0.10341365461847389,249.56439228783339,1635.545201297545,41.86995715321715,0.0,False,0.0,150,1536M
small-optimize-nprobe1-quality,small,1,1,sequential,16.415801448,6.091691612911375,115.734477,514.089534,0,0.42,0.2769285714285714,10.192621202468873,7.95,0.13,62.09030509266228,406.91502345527147,10.41702460045495,0.0,False,0.0,150,1536M
small-optimize-nprobe2-load,small,4,2,uniform,60.167194085,24.631363029931798,143.942796,513.361345,0,0.4338731443994602,0.3009393140972086,15.371925911279181,9.799595141700404,0.27125506072874495,378.63148758993265,2481.3993170693825,63.523822516976196,0.0,False,0.0,150,1536M
small-optimize-nprobe2-quality,small,1,2,sequential,14.931236926,6.697368777657557,133.396471,395.129731,0,0.5,0.36813492063492065,15.659659566879272,9.7,0.24,104.8785150519637,687.3318362445493,17.59569500786046,0.0,False,0.0,150,1536M
small-optimize-nprobe4-load,small,4,4,uniform,63.787838109,3.1824248323499487,231.617147,1031.35923,19,0.46396396396396394,0.3091126841126841,36.95970617961414,14.669950738916256,1.935960591133005,117.6214867423619,770.8441755147429,19.73361089317742,0.0,False,0.0,150,1536M
small-optimize-nprobe4-quality,small,1,4,sequential,17.181393351,5.820249729291003,152.783363,429.417752,0,0.58,0.412718253968254,30.05139452934265,12.24,0.37,174.9066208742237,1146.2680305613123,29.344461582369597,0.0,False,0.0,150,1536M
small-optimize-nprobe8-load,small,4,8,uniform,60.024107779,0,0,0,24,0,0,1090.24875831604,359.0,170.0,18.163514605334523,119.03640931752034,3.0473320785285205,0.0,False,0.0,150,1536M
small-optimize-nprobe8-quality,small,1,8,sequential,583.317676872,0.15600418709746822,5085.218253,9857.595796,9,0.56,0.4231111111111111,95.40727428813557,27.043956043956044,8.791208791208792,14.88393426850577,97.54335162207941,2.497109801525233,0.0,False,0.0,150,1536M
small-pilot-c1,small,1,8,uniform,60.144639563,2.211335889056012,350.528923,2906.030643,0,0.46616541353383456,0.3085600907029479,12.922259811171912,5.909774436090226,0.0,28.575456888150615,187.27211426218386,4.794166125111907,0.0,False,0.0,,
small-pilot-c2,small,2,8,uniform,60.359116544,2.683935903566561,691.08632,2366.427347,0,0.5,0.31794287673917315,15.606010384029812,7.814814814814815,0.0,41.88553158113019,274.5010197700948,7.027226106114427,0.0,False,0.0,,
small-pilot-c4,small,4,8,uniform,61.03235844,2.4740974109405562,1426.250049,4282.433166,0,0.5165562913907285,0.3386024387680018,15.714627089089905,7.66887417218543,0.0,38.87951819501366,254.80081044284154,6.5229007473367435,0.0,False,0.0,,
small-pilot-c8,small,8,8,uniform,62.61265609,2.2199984584618186,2036.712222,7446.332414,16,0.41935483870967744,0.2774807987711213,8.018368233879693,3.7482014388489207,0.0,17.800765118592132,116.6590942812054,2.986472813598858,0.0,False,0.0,,
small-pilot-warmup,small,2,8,uniform,60.25192973,2.4895468190343055,755.481644,2272.077694,0,0.5133333333333333,0.3261560846560848,37.74667406717936,14.346666666666666,0.0,93.97211235307108,615.8556355170866,15.765904269237417,0.0,False,0.0,,
small-regression-semantic,small,1,8,sequential,14.425721833,2.07961863865783,314.184859,2206.317238,0,0.43333333333333335,0.3111111111111111,48.42438758214315,16.6,0.0,100.70425898141566,659.9754316606056,16.895371050511507,0.0,False,0.0,,
small-smoke,small,1,8,sequential,0.001164735,0,0,0,1,0,0,0.0,0.0,0.0,0.0,0.0,0.0,0.0,False,0.0,,
small-sustained-nprobe4,small,4,4,uniform,602.048862076,6.637335026630384,212.780651,7798.930865,56,0.47013820335636725,0.3207262923267361,27.25225713684991,12.047047047047046,0.0,180.88236084915178,1185.430640061001,30.347024385561628,0.0,False,0.0,0,1536M
small-sustained-nprobe4-warmup,small,4,4,uniform,60.310209163,15.005751307445518,213.029509,762.745164,0,0.46187845303867403,0.3168591598702094,27.89818925383341,11.946961325966852,0.0,418.63328987107326,2743.555128499066,70.2350112895761,0.0,False,0.0,0,1536M
